{
    "model_name": "Decision Tree",
    "country": "US",
    "train_accuracy": 0.8510598210080076,
    "test_accuracy": 0.7050805452292441,
    "train_precision": 0.8573180263011152,
    "test_precision": 0.7552727532720989,
    "train_recall": 0.8510598210080076,
    "test_recall": 0.7050805452292441,
    "train_f1": 0.8516069880372477,
    "test_f1": 0.7251349536927355
}