{
    "model_name": "Decision Tree",
    "country": "UK",
    "train_accuracy": 0.660438950318744,
    "test_accuracy": 0.576238916390143,
    "train_precision": 0.6536739668595665,
    "test_precision": 0.6595324161144946,
    "train_recall": 0.660438950318744,
    "test_recall": 0.576238916390143,
    "train_f1": 0.6533363826798503,
    "test_f1": 0.6125855935468653
}