{
    "model_name": "Logistic Regression",
    "country": "US",
    "train_accuracy": 0.24145077720207253,
    "test_accuracy": 0.218091697645601,
    "train_precision": 0.13041761585317954,
    "test_precision": 0.571157514060336,
    "train_recall": 0.24145077720207253,
    "test_recall": 0.218091697645601,
    "train_f1": 0.13864584527766977,
    "test_f1": 0.21154675542907805
}