{
    "model_name": "Logistic Regression",
    "country": "UK",
    "train_accuracy": 0.3344169961135304,
    "test_accuracy": 0.7732143828537236,
    "train_precision": 0.3226072240202566,
    "test_precision": 0.6003712384769518,
    "train_recall": 0.3344169961135304,
    "test_recall": 0.7732143828537236,
    "train_f1": 0.16984209092775354,
    "test_f1": 0.6756989972757116
}