{
    "model_name": "Random Forest",
    "country": "UK",
    "train_accuracy": 1.0,
    "test_accuracy": 0.6924876244356198,
    "train_precision": 1.0,
    "test_precision": 0.6557137070135305,
    "train_recall": 1.0,
    "test_recall": 0.6924876244356198,
    "train_f1": 1.0,
    "test_f1": 0.6713008038498702
}