{
    "model_name": "Random Forest",
    "country": "US",
    "train_accuracy": 0.9999057936881771,
    "test_accuracy": 0.7992565055762082,
    "train_precision": 0.9999058380414313,
    "test_precision": 0.8004960737628937,
    "train_recall": 0.9999057936881771,
    "test_recall": 0.7992565055762082,
    "train_f1": 0.9999057936829516,
    "test_f1": 0.7939783861177446
}